participant_id,analysis_session,start_time,end_time,low_freq_hz,high_freq_hz,confidence,notes,speed_factor,created_at
P_20260417_1950_FWTDL,1,2022-08-17T15:34:19.600Z,2022-08-17T19:13:29.700Z,0.129,0.615,confirmed,,1.2455430728837267,2026-04-18T02:50:19.262Z
P_20260417_1950_FWTDL,1,2022-08-18T11:37:33.300Z,2022-08-18T15:19:21.800Z,0.152,0.664,confirmed,,1.2455430728837267,2026-04-18T02:50:27.308Z
P_20260504_1236_RPGGT,1,2022-08-17T06:54:26.000Z,2022-08-17T08:47:46.000Z,0.326,0.69,confirmed,,1.2455430728837267,2026-05-04T16:40:48.483Z
P_20260504_1236_RPGGT,1,2022-08-17T09:16:40.000Z,2022-08-17T11:59:59.000Z,0.36,1.114,confirmed,,1.2455430728837267,2026-05-04T16:40:52.493Z
P_20260504_1236_RPGGT,1,2022-08-17T11:56:40.000Z,2022-08-17T13:20:00.000Z,0.941,1.586,confirmed,,1.2455430728837267,2026-05-04T16:41:07.577Z
P_20260504_1236_RPGGT,1,2022-08-17T16:43:20.000Z,2022-08-17T19:13:20.000Z,0.18,0.661,confirmed,,1.2455430728837267,2026-05-04T16:41:36.927Z
P_20260504_1236_RPGGT,1,2022-08-17T18:59:59.000Z,2022-08-17T20:18:53.000Z,0.136,0.392,confirmed,,1.2455430728837267,2026-05-04T16:41:42.027Z
P_20260504_1236_RPGGT,1,2022-08-18T08:26:39.000Z,2022-08-18T10:37:46.000Z,0.263,0.499,confirmed,,1.2455430728837267,2026-05-04T16:42:27.212Z
P_20260504_1236_RPGGT,1,2022-08-18T10:38:53.000Z,2022-08-18T13:13:19.000Z,0.681,1.084,confirmed,,1.2455430728837267,2026-05-04T16:42:31.060Z
P_20260504_1236_RPGGT,1,2022-08-19T17:01:06.000Z,2022-08-19T19:05:33.000Z,0.452,1.23,confirmed,,1.2455430728837267,2026-05-04T16:42:47.844Z
P_20260504_1236_RPGGT,2,2022-01-15T14:46:40.000Z,2022-01-15T16:08:53.000Z,0.616,1.358,confirmed,,1.2455430728837267,2026-05-04T16:44:24.077Z
P_20260504_1236_RPGGT,2,2022-01-15T16:40:00.000Z,2022-01-15T17:37:46.000Z,0.616,1.302,confirmed,,1.2455430728837267,2026-05-04T16:44:27.311Z
P_20260504_1236_RPGGT,2,2022-01-15T17:55:33.000Z,2022-01-15T19:11:06.000Z,0.817,1.457,confirmed,,1.2455430728837267,2026-05-04T16:44:33.876Z
P_20260504_1236_RPGGT,2,2022-01-15T18:39:57.000Z,2022-01-15T20:13:17.000Z,0.452,0.73,confirmed,,1.2455430728837267,2026-05-04T16:44:37.145Z
P_20260504_1236_RPGGT,2,2022-01-16T14:28:53.000Z,2022-01-16T17:34:26.000Z,0.513,0.902,confirmed,,1.2455430728837267,2026-05-04T16:44:49.876Z
P_20260504_1236_RPGGT,2,2022-01-16T19:03:20.000Z,2022-01-16T20:00:00.000Z,0.465,0.954,confirmed,,1.2455430728837267,2026-05-04T16:44:56.509Z
P_20260504_1236_RPGGT,2,2022-01-16T20:03:19.000Z,2022-01-16T21:16:39.000Z,0.223,1.084,confirmed,,1.2455430728837267,2026-05-04T16:44:59.575Z
P_20260519_1438_VFGQX,1,2022-01-14T15:33:00.000Z,2022-01-14T19:21:51.000Z,0.167,0.82,possibly,"Faint intermittent, possible harmonics",1.25,2026-05-19T13:46:15.493Z
P_20260519_1438_VFGQX,1,2022-01-14T19:50:54.000Z,2022-01-14T21:06:36.000Z,0.074,0.762,possibly,"Starts off chirp-like, becomes more noisy",1.25,2026-05-19T13:46:50.430Z
P_20260519_1438_VFGQX,1,2022-01-15T09:52:22.000Z,2022-01-15T12:35:12.000Z,0.022,0.042,possibly,"Has some tonality, but may not be EMIC",1.25,2026-05-19T13:47:41.663Z
P_20260519_1438_VFGQX,1,2022-01-15T15:03:57.000Z,2022-01-15T20:04:06.000Z,0.438,1.413,confirmed,Intermittent,1.25,2026-05-19T13:48:15.587Z
P_20260519_1438_VFGQX,1,2022-01-15T21:24:12.000Z,2022-01-15T22:47:49.000Z,0.092,0.227,possibly,,1.25,2026-05-19T13:48:33.446Z
P_20260519_1438_VFGQX,1,2022-01-16T14:28:45.000Z,2022-01-16T17:52:04.000Z,0.54,0.93,confirmed,,1.25,2026-05-19T13:48:59.470Z
P_20260519_1438_VFGQX,1,2022-01-16T19:06:53.000Z,2022-01-16T21:13:38.000Z,0.213,1.313,confirmed,,1.25,2026-05-19T13:49:08.572Z
P_20260519_1438_VFGQX,1,2022-01-16T21:50:36.000Z,2022-01-17T00:00:00.000Z,0.139,0.297,possibly,,1.25,2026-05-19T13:49:15.096Z
P_20260519_1438_VFGQX,2,2022-08-17T00:29:02.000Z,2022-08-17T00:57:12.000Z,0.16,0.304,possibly,Faint,1.25,2026-05-19T13:49:43.932Z
P_20260519_1438_VFGQX,2,2022-08-17T02:54:16.000Z,2022-08-17T03:50:36.000Z,0.154,0.268,possibly,Faint,1.25,2026-05-19T13:49:30.404Z
P_20260519_1438_VFGQX,2,2022-08-17T04:29:20.000Z,2022-08-17T04:49:35.000Z,0.151,0.271,possibly,Faint,1.25,2026-05-19T13:51:06.593Z
P_20260519_1438_VFGQX,2,2022-08-17T05:23:54.000Z,2022-08-17T06:12:19.000Z,0.3,0.518,possibly,Faint,1.25,2026-05-19T13:51:12.425Z
P_20260519_1438_VFGQX,2,2022-08-17T07:22:44.000Z,2022-08-17T07:57:56.000Z,0.348,0.618,possibly,,1.25,2026-05-19T13:49:54.710Z
P_20260519_1438_VFGQX,2,2022-08-17T09:30:22.000Z,2022-08-17T11:00:08.000Z,0.374,1.088,confirmed,,1.25,2026-05-19T13:50:01.306Z
P_20260519_1438_VFGQX,2,2022-08-17T11:23:54.000Z,2022-08-17T14:01:28.000Z,0.846,1.458,confirmed,Intermittent,1.25,2026-05-19T13:50:05.256Z
P_20260519_1438_VFGQX,2,2022-08-17T17:31:50.000Z,2022-08-17T20:46:21.000Z,0.065,0.466,confirmed,Intermittent chirp becomes windy,1.25,2026-05-19T13:50:11.630Z
P_20260519_1438_VFGQX,2,2022-08-18T07:58:49.000Z,2022-08-18T09:43:34.000Z,0.136,0.523,confirmed,"Faint, intermittent",1.25,2026-05-19T13:50:20.680Z
P_20260519_1438_VFGQX,2,2022-08-18T10:50:27.000Z,2022-08-18T12:39:36.000Z,0.551,1.077,confirmed,Intermittent,1.25,2026-05-19T13:50:26.070Z
P_20260519_1438_VFGQX,2,2022-08-18T19:28:01.000Z,2022-08-18T21:32:07.000Z,0.08,0.351,possibly,Chirp becomes noisy,1.25,2026-05-19T13:50:37.430Z
P_20260519_1438_VFGQX,2,2022-08-19T17:30:04.000Z,2022-08-19T22:54:51.000Z,0.117,1.874,possibly,,1.25,2026-05-19T13:50:56.236Z
P_20260529_0631_OKZHL,1,2022-01-15T14:52:13.000Z,2022-01-15T15:38:34.000Z,0.568,1.825,confirmed,,1.25,2026-05-29T12:32:06.125Z
P_20260529_0631_OKZHL,1,2022-01-15T15:38:03.000Z,2022-01-15T16:26:30.000Z,0.608,0.978,confirmed,,1.25,2026-05-29T12:32:32.947Z
P_20260529_0631_OKZHL,1,2022-01-15T16:39:09.000Z,2022-01-15T17:24:26.000Z,0.6,1.572,confirmed,,1.25,2026-05-29T12:32:25.257Z
P_20260529_0631_OKZHL,1,2022-01-15T18:15:00.000Z,2022-01-15T20:41:26.000Z,0.41,1.729,confirmed,,1.25,2026-05-29T12:32:29.163Z
P_20260529_0631_OKZHL,1,2022-01-16T14:15:21.000Z,2022-01-16T17:17:36.000Z,0.483,1.151,confirmed,,1.25,2026-05-29T12:32:10.758Z
P_20260529_0631_OKZHL,1,2022-01-16T18:57:40.000Z,2022-01-16T21:20:56.000Z,0.197,1.105,confirmed,,1.25,2026-05-29T12:32:15.257Z
P_20260529_0631_OKZHL,1,2022-01-16T21:44:06.000Z,2022-01-16T23:07:19.000Z,0.157,0.41,confirmed,,1.25,2026-05-29T12:32:18.422Z
P_20260529_0631_OKZHL,2,2022-08-17T00:13:41.000Z,2022-08-17T01:15:50.000Z,0.137,0.642,confirmed,,1.25,2026-05-29T12:33:14.071Z
P_20260529_0631_OKZHL,2,2022-08-17T02:53:48.000Z,2022-08-17T04:12:48.000Z,0.126,0.464,confirmed,,1.25,2026-05-29T12:33:09.240Z
P_20260529_0631_OKZHL,2,2022-08-17T04:27:33.000Z,2022-08-17T04:54:57.000Z,0.137,0.439,confirmed,,1.25,2026-05-29T12:33:11.590Z
P_20260529_0631_OKZHL,2,2022-08-17T05:17:04.000Z,2022-08-17T06:25:32.000Z,0.277,0.553,confirmed,,1.25,2026-05-29T12:33:05.938Z
P_20260529_0631_OKZHL,2,2022-08-17T07:17:09.000Z,2022-08-17T08:10:53.000Z,0.33,1.215,confirmed,,1.25,2026-05-29T12:33:03.723Z
P_20260529_0631_OKZHL,2,2022-08-17T09:15:08.000Z,2022-08-17T11:11:01.000Z,0.358,1.638,confirmed,,1.25,2026-05-29T12:32:46.932Z
P_20260529_0631_OKZHL,2,2022-08-17T11:20:29.000Z,2022-08-17T13:15:19.000Z,0.735,1.638,confirmed,,1.25,2026-05-29T12:32:50.629Z
P_20260529_0631_OKZHL,2,2022-08-17T13:38:29.000Z,2022-08-17T13:58:30.000Z,1.005,1.551,confirmed,,1.25,2026-05-29T12:32:53.404Z
P_20260529_0631_OKZHL,2,2022-08-17T17:14:26.000Z,2022-08-17T19:09:15.000Z,0.17,1.182,confirmed,,1.25,2026-05-29T12:32:57.221Z
P_20260529_0631_OKZHL,2,2022-08-17T19:15:34.000Z,2022-08-17T20:35:38.000Z,0.076,0.642,confirmed,,1.25,2026-05-29T12:33:00.840Z
P_20260529_0631_OKZHL,2,2022-08-18T07:59:49.000Z,2022-08-18T09:53:35.000Z,0.165,0.546,confirmed,,1.25,2026-05-29T12:33:30.824Z
P_20260529_0631_OKZHL,2,2022-08-18T10:51:31.000Z,2022-08-18T12:46:20.000Z,0.496,1.135,confirmed,,1.25,2026-05-29T12:33:33.740Z
P_20260529_0631_OKZHL,2,2022-08-18T19:19:16.000Z,2022-08-18T20:34:03.000Z,0.146,0.41,confirmed,,1.25,2026-05-29T12:33:38.471Z
P_20260529_0631_OKZHL,2,2022-08-19T17:11:16.000Z,2022-08-19T18:45:01.000Z,0.317,2.178,confirmed,,1.25,2026-05-29T12:33:43.203Z
P_20260529_0631_OKZHL,2,2022-08-19T18:20:48.000Z,2022-08-19T22:23:05.000Z,0.142,0.313,confirmed,,1.25,2026-05-29T12:33:49.580Z
P_20260601_1607_JUXTQ,1,2022-01-14T15:04:45.769Z,2022-01-14T19:33:49.508Z,0.19275123019482035,0.8001837923748699,confirmed,Faint whistling sound,1.25,2026-06-01T20:13:31.922Z
P_20260601_1607_JUXTQ,1,2022-01-14T19:48:50.000Z,2022-01-14T21:23:31.000Z,0.068,0.461,possibly,whistling sound,1.25,2026-06-01T20:14:30.352Z
P_20260601_1607_JUXTQ,1,2022-01-15T14:32:25.700Z,2022-01-15T20:30:24.500Z,0.382,1.504,confirmed,chirping sound,1.25,2026-06-01T20:15:36.503Z
P_20260601_1607_JUXTQ,1,2022-01-16T14:07:36.000Z,2022-01-16T17:36:36.000Z,0.467,0.94,confirmed,faint chirping,1.25,2026-06-01T20:17:16.079Z
P_20260601_1607_JUXTQ,1,2022-01-16T18:38:58.324Z,2022-01-16T20:06:44.133Z,0.46131236967728617,1.0048223556136555,confirmed,whistling,1.25,2026-06-01T20:17:36.529Z
P_20260601_1607_JUXTQ,1,2022-01-16T19:51:42.718Z,2022-01-16T21:26:24.000Z,0.196,0.992,confirmed,harmonic,1.25,2026-06-01T20:17:57.478Z
P_20260601_1607_JUXTQ,1,2022-01-16T21:49:30.000Z,2022-01-17T00:00:00.000Z,0.125,0.296,confirmed,faint whistling,1.25,2026-06-01T20:18:42.340Z
P_20260601_1607_JUXTQ,2,2022-08-17T02:40:30.000Z,2022-08-17T04:57:55.000Z,0.157,0.263,confirmed,whistling sound,1.25,2026-06-01T20:21:03.767Z
P_20260601_1607_JUXTQ,2,2022-08-17T05:15:15.000Z,2022-08-17T08:14:13.911Z,0.281,0.645718596942228,confirmed,chirping sound,1.25,2026-06-01T20:21:29.105Z
P_20260601_1607_JUXTQ,2,2022-08-17T09:17:45.200Z,2022-08-17T13:56:03.200Z,0.367,1.388,confirmed,whistling sound,1.25,2026-06-01T20:20:39.606Z
P_20260601_1607_JUXTQ,2,2022-08-17T17:04:16.900Z,2022-08-17T20:34:27.000Z,0.053,0.48,confirmed,whistling sound,1.25,2026-06-01T20:22:02.145Z
P_20260601_1607_JUXTQ,2,2022-08-18T07:56:20.000Z,2022-08-18T09:54:07.000Z,0.16,0.455,possibly,faint whistling sound,1.25,2026-06-01T20:22:46.181Z
P_20260601_1607_JUXTQ,2,2022-08-18T10:48:24.000Z,2022-08-18T12:43:52.000Z,0.542,1.005,possibly,faint chirping sound,1.25,2026-06-01T20:22:53.402Z
P_20260601_1607_JUXTQ,2,2022-08-18T19:03:47.565Z,2022-08-18T21:07:21.565Z,0.125820257720077,0.3473975257403893,possibly,whistling sound,1.25,2026-06-01T20:23:20.801Z
P_20260601_1607_JUXTQ,2,2022-08-19T17:14:40.000Z,2022-08-19T19:03:13.000Z,0.467,1.214,confirmed,high pitched whistling,1.25,2026-06-01T20:24:19.550Z
P_20260601_1607_JUXTQ,2,2022-08-19T18:35:30.000Z,2022-08-19T22:32:14.000Z,0.13,0.353,confirmed,whistling sound,1.25,2026-06-01T20:24:38.566Z
P_20260601_2022_JFXDC,1,2022-01-16T12:55:37.600Z,2022-01-16T21:48:11.600Z,0.44,0.923,confirmed,,1.25,2026-06-02T02:23:28.209Z
P_20260605_1610_BUAMO,1,2022-08-17T00:23:09.000Z,2022-08-17T00:58:56.000Z,0.176,0.517,confirmed,,1.25,2026-06-05T22:11:32.248Z
P_20260605_1610_BUAMO,1,2022-08-17T03:01:03.000Z,2022-08-17T04:53:41.000Z,0.134,0.439,confirmed,,1.25,2026-06-05T22:11:41.162Z
P_20260605_1610_BUAMO,1,2022-08-17T07:25:15.000Z,2022-08-17T14:07:22.000Z,0.351,1.457,confirmed,,1.25,2026-06-05T22:11:48.731Z
P_20260605_1610_BUAMO,1,2022-08-17T17:10:31.000Z,2022-08-17T22:15:47.000Z,0.02,1.532,confirmed,,1.25,2026-06-05T22:12:03.143Z
P_20260605_1610_BUAMO,1,2022-08-18T07:52:37.000Z,2022-08-18T12:48:25.000Z,0.164,1.369,confirmed,,1.25,2026-06-05T22:12:21.006Z
P_20260605_1610_BUAMO,1,2022-08-18T19:30:31.000Z,2022-08-18T21:29:28.000Z,0.08,0.346,possibly,,1.25,2026-06-05T22:12:31.824Z
P_20260605_1610_BUAMO,1,2022-08-19T17:20:00.000Z,2022-08-19T23:02:06.000Z,0.089,1.78,confirmed,,1.25,2026-06-05T22:12:57.471Z
P_20260605_1610_BUAMO,2,2022-01-14T19:13:41.000Z,2022-01-14T23:12:37.000Z,0.037,0.543,possibly,,1.25,2026-06-05T22:13:35.772Z
P_20260605_1610_BUAMO,2,2022-01-15T14:47:22.000Z,2022-01-15T20:18:56.000Z,0.355,1.736,possibly,,1.25,2026-06-05T22:14:01.866Z
P_20260605_1610_BUAMO,2,2022-01-15T21:16:50.000Z,2022-01-16T00:42:06.000Z,0.025,0.321,possibly,,1.25,2026-06-05T22:14:06.930Z
P_20260605_1610_BUAMO,2,2022-01-16T14:33:41.000Z,2022-01-16T23:56:50.000Z,0.166,1.107,confirmed,,1.25,2026-06-05T22:14:27.767Z
P_20260608_1839_BSAIW,1,2022-08-17T02:51:57.200Z,2022-08-17T06:10:34.400Z,1.438,1.463,confirmed,,1.25,2026-06-08T22:54:34.826Z
P_20260608_1839_BSAIW,1,2022-08-17T07:20:27.000Z,2022-08-17T08:11:02.000Z,0.372,0.553,confirmed,chirping,1.25,2026-06-08T22:54:52.891Z
P_20260608_1839_BSAIW,1,2022-08-17T09:34:42.000Z,2022-08-17T11:13:06.000Z,0.333,0.959,confirmed,also sounds like chirping,1.25,2026-06-08T22:55:06.593Z
P_20260608_1839_BSAIW,1,2022-08-17T11:32:24.000Z,2022-08-17T14:09:39.000Z,0.635,1.297,possibly,,1.25,2026-06-08T22:55:18.208Z
P_20260608_1839_BSAIW,1,2022-08-17T17:53:06.000Z,2022-08-17T19:02:59.000Z,0.192,0.815,possibly,unsure,1.25,2026-06-08T22:57:09.326Z
P_20260608_1839_BSAIW,1,2022-08-18T08:55:10.000Z,2022-08-18T10:13:20.000Z,0.2,0.461,possibly,,1.25,2026-06-08T22:55:45.307Z
P_20260608_1839_BSAIW,1,2022-08-18T11:02:59.000Z,2022-08-18T11:59:59.000Z,0.539,1.002,possibly,,1.25,2026-06-08T22:57:56.909Z
P_20260608_1839_BSAIW,1,2022-08-18T12:10:06.000Z,2022-08-18T12:50:34.000Z,0.754,1.111,possibly,,1.25,2026-06-08T22:55:51.924Z
P_20260608_1839_BSAIW,1,2022-08-19T17:20:00.000Z,2022-08-19T18:51:02.000Z,0.442,1.83,confirmed,definitely sounds like chirping,1.25,2026-06-08T22:56:21.610Z
P_20260608_1839_BSAIW,1,2022-08-19T19:29:39.000Z,2022-08-19T23:21:22.000Z,0.131,0.375,possibly,,1.25,2026-06-08T22:58:18.677Z
P_20260608_1839_BSAIW,2,2022-01-14T15:27:48.000Z,2022-01-14T18:22:31.000Z,0.213,0.646,possibly,unsure,1.25,2026-06-08T23:02:51.310Z
P_20260608_1839_BSAIW,2,2022-01-14T18:48:16.000Z,2022-01-14T20:48:44.000Z,0.173,0.405,possibly,,1.25,2026-06-08T23:00:39.544Z
P_20260608_1839_BSAIW,2,2022-01-15T14:52:52.000Z,2022-01-15T20:19:18.000Z,0.482,1.783,confirmed,I think it sounds like chirping,1.25,2026-06-08T23:01:01.227Z
P_20260608_1839_BSAIW,2,2022-01-16T14:43:40.000Z,2022-01-16T17:15:24.000Z,0.486,0.993,possibly,,1.25,2026-06-08T23:01:33.243Z
P_20260608_1839_BSAIW,2,2022-01-16T19:04:49.000Z,2022-01-16T21:36:33.000Z,0.2,1.18,confirmed,,1.25,2026-06-08T23:01:37.861Z
P_20260608_1839_BSAIW,2,2022-01-16T21:58:37.000Z,2022-01-16T23:44:22.000Z,0.149,0.297,possibly,,1.25,2026-06-08T23:01:42.228Z
